<application>
  <component name="FileTypeManager" version="18">
    <ignoreFiles list="*.idea;*.iml;*.pyc;*.pyo;*.rbc;*.yarb;*~;.DS_Store;.git;.hg;.svn;CVS;__pycache__;_svn;vssver.scc;vssver2.scc" />
    <extensionMap>
      <hashBang value=".idea" type="GitIgnore file" />
      <hashBang value=".iml" type="GitIgnore file" />
      <hashBang value="out" type="GitIgnore file" />
      <hashBang value="target" type="GitIgnore file" />
      <mapping ext="dat" type="PLAIN_TEXT" />
      <removed_mapping ext="apk" approved="true" type="ARCHIVE" />
      <removed_mapping ext="ignore" approved="true" type="IgnoreLang file" />
      <removed_mapping ext="psd" approved="true" type="Image" />
      <removed_mapping ext="sql" approved="true" type="SQL" />
    </extensionMap>
  </component>
</application>