<application>
  <component name="FeatureSuggesterSettings">
    <option name="workingDays">
      <list>
        <option value="1651835335038" />
        <option value="1651885343153" />
        <option value="1651992394736" />
        <option value="1652062497369" />
        <option value="1652178995965" />
        <option value="1652234458819" />
        <option value="1652316865044" />
        <option value="1652408797397" />
        <option value="1652581524834" />
        <option value="1652669802137" />
        <option value="1652750105327" />
        <option value="1652834980277" />
        <option value="1652920747620" />
        <option value="1653009945905" />
        <option value="1653193989037" />
        <option value="1653235275611" />
      </list>
    </option>
  </component>
</application>