<?xml version="1.0" encoding="UTF-8" ?>
<!DOCTYPE configuration
        PUBLIC "-//mybatis.org//DTD Config 3.0//EN"
        "http://mybatis.org/dtd/mybatis-3-config.dtd">
<configuration>
    <!--
控制台显示信息
-->
    <settings>
        <setting name="logImpl" value="STDOUT_LOGGING"/>
        <setting name="mapUnderscoreToCamelCase" value="true"/>
    </settings>
    <plugins>
        <plugin interceptor="com.github.pagehelper.PageInterceptor">
            <property name="helperDialect" value="mysql"/>
        </plugin>
    </plugins>
    
</configuration>